{"cameraMode":{"drawMode":0,"name":"Shaded","section":"Shading Mode"},"sceneLighting":true,"audioPlay":false,"sceneViewState":{"m_AlwaysRefresh":false,"showFog":true,"showSkybox":true,"showFlares":true,"showImageEffects":true,"showParticleSystems":true,"showVisualEffectGraphs":true,"m_FxEnabled":true},"in2DMode":false,"pivot":{"x":0.3446645736694336,"y":0.6504905223846436,"z":-0.02638721466064453},"rotation":{"x":-0.13613757491111756,"y":0.5068607330322266,"z":-0.08143799751996994,"w":-0.8473057746887207},"size":1.2247449159622193,"orthographic":false}